{
  "judul": {
    "precision": 1.0,
    "recall": 0.9897959183673469,
    "f1-score": 0.9948717948717948,
    "support": 98,
    "confused_with": {
      "jenis": 1
    }
  },
  "jenis": {
    "precision": 0.95,
    "recall": 0.926829268292683,
    "f1-score": 0.9382716049382716,
    "support": 41,
    "confused_with": {}
  },
  "micro avg": {
    "precision": 0.9854014598540146,
    "recall": 0.9712230215827338,
    "f1-score": 0.9782608695652174,
    "support": 139
  },
  "macro avg": {
    "precision": 0.975,
    "recall": 0.958312593330015,
    "f1-score": 0.9665716999050331,
    "support": 139
  },
  "weighted avg": {
    "precision": 0.985251798561151,
    "recall": 0.9712230215827338,
    "f1-score": 0.9781767748194605,
    "support": 139
  },
  "accuracy": 0.9867724867724867
}